review_text,date
"Fantastic service, quick resolution.",2024-07-24
"Feels premium, love the build quality!",2023-09-15
"So easy to use, very happy with this!",2024-08-18
My new favorite gadget!,2025-02-16
"Came with scratches, not happy.",2024-08-03
"Exactly as described, love it!",2024-07-07
"The design is beautiful, very elegant.",2023-04-16
Took a chance and I’m glad I did!,2024-06-07
"Struggles with basic functions, not worth it.",2024-06-27
Colors are different than shown in pictures.,2023-07-02
"Outstanding performance, well worth it!",2024-04-09
Took a chance and I’m glad I did!,2024-09-08
"Fantastic service, quick resolution.",2023-08-29
Customer service was exceptional!,2023-06-26
"So easy to use, very happy with this!",2024-02-14
"Mediocre at best, expected more.",2023-12-11
"Pretty decent, but has some issues.",2023-09-17
"Mediocre at best, expected more.",2025-02-07
"Mediocre at best, expected more.",2024-07-01
"Feels cheap, not worth the money.",2024-08-07
"Amazing quality, exceeded my expectations!",2024-04-27
"Doesn’t work as intended, returning it.",2023-08-09
"Not bad, but wouldn’t buy again.",2024-08-04
"Absolute waste of money, avoid!",2023-10-29
"Five stars, I’m impressed!",2024-12-05
"Amazing quality, exceeded my expectations!",2024-10-08
"Came with scratches, not happy.",2024-10-14
Very satisfied with this purchase!,2023-04-04
"Nothing special, just okay.",2023-08-16
I wish I had bought this sooner!,2024-11-19
"It does the job, nothing special.",2023-03-16
"Item was missing parts, frustrating experience.",2024-11-06
"Not bad, but wouldn’t buy again.",2023-10-23
Customer service was exceptional!,2023-12-28
"Well-packaged, arrived in perfect condition.",2023-09-15
"Decent for the price, but not perfect.",2023-04-12
"Fast shipping, great value for money.",2023-08-02
Would make a great gift!,2025-01-29
"Had high hopes, but it was just average.",2024-05-05
"Not as advertised, very misleading.",2024-12-31
"Decent for the price, but not perfect.",2024-08-30
A solid choice for budget buyers.,2023-10-22
Took a chance and I’m glad I did!,2023-08-04
"Arrived damaged, very disappointed.",2024-07-13
"Came with scratches, not happy.",2024-03-13
"Amazing features, super easy to use!",2023-12-24
"Doesn’t work as intended, returning it.",2025-01-07
"Fast shipping, great value for money.",2025-01-30
"Decent for the price, but not perfect.",2024-07-03
"Highly recommend, exceeded expectations!",2024-02-11
"So easy to use, very happy with this!",2023-06-10
"Exactly as described, love it!",2023-09-13
"Not as advertised, very misleading.",2023-06-08
"Took forever to arrive, but the product is good.",2023-08-30
"My dog loves it, great purchase!",2024-09-20
"Outstanding performance, well worth it!",2024-05-01
"Not bad, but wouldn’t buy again.",2024-04-13
"Five stars, I’m impressed!",2023-09-12
"Arrived damaged, very disappointed.",2024-09-22
I wish I had bought this sooner!,2024-05-19
"My dog loves it, great purchase!",2024-01-18
"Outstanding performance, well worth it!",2025-01-17
"Had high hopes, but it was just average.",2024-05-18
"Got a defective piece, had to return.",2023-12-27
"Fantastic service, quick resolution.",2023-11-28
"Feels cheap, not worth the money.",2023-08-09
"Superb craftsmanship, highly recommend.",2023-06-07
"Love this brand, never disappoints!",2024-03-21
"Came with scratches, not happy.",2024-03-09
"Arrived damaged, very disappointed.",2023-05-01
Would make a great gift!,2024-09-29
"Had high hopes, but it was just average.",2023-03-28
"Absolute waste of money, avoid!",2024-12-19
"Outstanding performance, well worth it!",2023-05-16
"Came with scratches, not happy.",2023-06-18
"Came with scratches, not happy.",2024-06-21
"Amazing features, super easy to use!",2023-06-24
Would make a great gift!,2024-10-27
My new favorite gadget!,2024-08-01
"Took forever to arrive, but the product is good.",2024-01-13
"Item was missing parts, frustrating experience.",2024-05-28
"Outstanding performance, well worth it!",2023-04-10
"Broke within a month, very disappointed.",2023-12-15
My new favorite gadget!,2023-12-13
Colors are different than shown in pictures.,2024-05-27
"Feels cheap, not worth the money.",2024-02-18
"So easy to use, very happy with this!",2024-04-05
"Decent for the price, but not perfect.",2023-09-03
"Amazing features, super easy to use!",2024-04-24
"Amazing quality, exceeded my expectations!",2024-12-19
"Well-packaged, arrived in perfect condition.",2023-02-28
"Took forever to arrive, but the product is good.",2024-08-01
"Took forever to arrive, but the product is good.",2024-09-01
Doesn’t hold up well over time.,2023-05-19
"Feels premium, love the build quality!",2024-08-02
The worst product I’ve ever used.,2025-01-07
I wish I had bought this sooner!,2024-04-12
"Terrible experience, would not buy again.",2024-09-25
"Completely unreliable, broke after a few uses.",2023-09-15
"Feels cheap, not worth the money.",2024-10-08
